area,perimeter,centroid,bbox,ratio,hu_0,hu_1,hu_2,hu_3,hu_4,hu_5,hu_6,h_mean,s_mean,v_mean,label
28970,1403.56,"(150, 269)","(6, 72, 207, 362)",0.57,0.0022809294902356608,8.302308891718346e-07,1.230766503297913e-08,1.3128920785940109e-09,3.853680186629039e-18,-1.1823013927154369e-12,3.605767220121377e-18,73.32516044925792,22.797887418104025,186.66774969915764,desktop
72063,1665.36,"(90, 267)","(0, 0, 224, 486)",0.46,0.001273025421565705,3.212376216335345e-07,6.192100710842533e-10,3.492095786862274e-11,6.19622638560911e-22,8.897404303333982e-15,5.097571720357338e-21,25.904708782218822,7.302090194995148,128.5899435484442,desktop
37263,1562.69,"(477, 334)","(372, 53, 155, 501)",0.31,0.00269086333679689,1.3875844144240208e-08,2.0983098630077753e-10,2.041510797381093e-09,-8.471644911306024e-19,1.614264397545203e-13,-1.033280049171418e-18,68.87446388888888,27.274444444444445,153.4927277777778,desktop
173874,3236.51,"(340, 317)","(73, 9, 492, 584)",0.84,0.0008093415332299783,1.2435947070544003e-08,5.528786371196996e-11,1.1469358321038196e-11,-2.5770777251859614e-22,6.503002494910282e-16,1.3039280542233127e-22,69.87074273605037,42.0904654598636,116.6540136399588,desktop
58727,1232.45,"(192, 385)","(47, 271, 289, 236)",1.22,0.001173237298135918,6.809603796966213e-09,4.135294466992628e-11,1.6053445368446876e-10,1.3019487032633247e-20,1.3041654097038095e-14,-1.2560531967350454e-21,73.6294198412425,15.810465396672294,91.90266875981162,desktop
28591,799.82,"(213, 478)","(116, 343, 182, 231)",0.79,0.0023291856117979505,2.3549864415897693e-06,2.349638548025892e-09,2.0938635729837207e-09,3.2532092342326834e-18,3.180666842730145e-12,-3.314578992326332e-18,42.112427777777775,5.334233333333334,188.0164388888889,desktop
56937,2878.17,"(218, 459)","(0, 295, 476, 305)",1.56,0.002220757437256407,4.599492022666556e-07,7.1746082298232605e-09,1.661833180848925e-09,5.5505006503811995e-18,1.0214800691131138e-12,-1.45587508254378e-18,19.05718611111111,49.78678611111111,114.05793888888888,desktop
22259,1341.24,"(103, 357)","(8, 196, 261, 276)",0.95,0.0017041440980674573,1.3821201679364364e-07,1.8383857773067983e-09,1.416899974501636e-10,4.367842949754581e-20,4.324595094093128e-15,-5.763352574632744e-20,19.890416238437822,59.29713470602828,142.88360296984087,desktop
106785,3177.46,"(229, 340)","(9, 104, 498, 496)",1.0,0.0011975730767066059,1.1278093692360506e-07,6.718446971933966e-11,1.4071614111232774e-10,1.3576415477282526e-20,3.0039565882776147e-14,1.6966736028442107e-21,8.695608333333332,5.664994444444445,140.85895,desktop
49513,1241.2,"(511, 301)","(453, 45, 112, 517)",0.22,0.0035401641338304725,2.7687016797331707e-06,7.644969571774326e-09,5.153186245024297e-10,1.3343718633136025e-19,2.5017698774180783e-13,-1.0140842984540713e-18,58.16723144269833,33.49640034012534,162.97168771454665,desktop
291225,2647.94,"(291, 283)","(0, 0, 598, 599)",1.0,0.001404906508096918,4.365897397634911e-08,1.855701115279415e-10,2.2985870520151742e-10,4.74722945298963e-20,4.432215893742917e-14,2.328653406273348e-22,103.93097749314633,15.453534597796773,92.65705942457049,desktop
41095,1269.88,"(296, 400)","(215, 104, 167, 441)",0.38,0.002155165024909181,1.5033663617140678e-06,1.021054416799557e-09,3.0976280082024722e-09,4.239858246563e-18,3.787466193556551e-12,3.517394386928905e-18,84.73759421574981,13.595801643872992,135.2991917056035,desktop
15874,530.77,"(254, 98)","(197, 26, 117, 157)",0.75,0.002046738269208346,1.7862298093830958e-06,1.0248889543955459e-08,9.080368043227047e-09,8.732428704687038e-17,1.2039970017008674e-11,-6.917878819533969e-18,71.96621666666667,31.55684722222222,166.52243055555556,desktop
34969,1578.78,"(459, 338)","(334, 172, 229, 282)",0.81,0.0028096403339113872,1.4508796036966666e-06,3.828912117575802e-10,4.501596903084649e-09,-3.818545980346832e-18,5.402302434053606e-12,4.5107456634171005e-18,21.979658333333333,36.6489,153.18818055555556,desktop
145585,3478.12,"(364, 364)","(80, 42, 520, 558)",0.93,0.0014775874240050097,2.0681598347760483e-07,4.0993912594519516e-10,1.7860364625864e-10,4.6735904012681436e-20,7.009380194035148e-14,1.2300875491198976e-20,36.168075,11.882297222222222,123.55856388888888,desktop
25789,1642.25,"(297, 307)","(189, 83, 207, 409)",0.51,0.002372106381951753,1.5824660749509949e-06,4.4870754363414225e-09,1.1962379569150647e-10,4.668416248671648e-20,1.0476665467576464e-13,-7.417249921868472e-20,104.01137777777778,81.13582777777778,148.1615111111111,desktop
25789,1642.25,"(297, 307)","(189, 83, 207, 409)",0.51,0.002372106381951753,1.5824660749509949e-06,4.4870754363414225e-09,1.1962379569150647e-10,4.668416248671648e-20,1.0476665467576464e-13,-7.417249921868472e-20,104.01137777777778,81.13582777777778,148.1615111111111,desktop
15019,573.3,"(351, 118)","(276, 59, 151, 137)",1.1,0.0031445393590731913,4.942370104152967e-06,2.2168174139659014e-10,1.2545562297220324e-09,5.21684682857078e-19,2.7886520277368783e-12,4.0690177007402707e-19,17.64763611111111,52.536325,172.768675,desktop
125345,1779.93,"(396, 351)","(235, 0, 327, 592)",0.55,0.0008622143623756687,2.179223483269289e-07,1.357876833078495e-10,1.1790954002495741e-11,7.046390013190004e-23,1.3982624528770013e-15,4.665036342744791e-22,56.74467723984419,12.69021981079577,154.54489426822482,desktop
84936,1576.98,"(299, 235)","(173, 29, 237, 450)",0.53,0.0012095899717828726,5.085554325940124e-07,2.4856784541148003e-11,6.418318179272829e-12,7.835200068095872e-23,3.777257505986203e-15,2.0811830541864708e-23,111.35036111111111,46.34749722222222,155.083275,desktop
141173,1870.9,"(273, 291)","(15, 8, 420, 549)",0.77,0.0008119245205834057,1.0327711081154172e-07,5.535598656335946e-11,1.4839563773675876e-11,-3.9166985623073714e-22,-4.667685100216682e-15,1.6580205607720613e-22,66.9294578922388,13.003210961844033,97.7623145339359,desktop
21200,796.73,"(426, 322)","(395, 154, 65, 338)",0.19,0.002169070246227523,1.2719388960117152e-06,5.5506674656422495e-09,8.974945302303245e-10,1.7046080409194168e-18,7.829933076722649e-13,-1.0521634464501548e-18,8.564583333333333,2.68485,171.96752777777778,desktop
8492,460.47,"(406, 184)","(354, 113, 86, 159)",0.54,0.0016453696835618517,2.8007542657886412e-08,4.15006330944133e-09,2.3519017995803083e-09,6.842007256249336e-18,5.4498903914900074e-15,2.678956119457592e-18,19.428769444444445,131.9802611111111,156.62804722222222,desktop
73970,2293.61,"(385, 285)","(216, 104, 321, 424)",0.76,0.0009417572695703969,1.1982640073758709e-08,4.203006324977462e-11,1.646275022358389e-14,1.2700027935576784e-26,-1.9455449514381847e-19,5.1222807976068675e-27,60.427225,40.0258,161.443475,desktop
53589,1525.58,"(185, 373)","(21, 121, 255, 406)",0.63,0.001620256547381352,9.96286345156962e-07,6.755786992723169e-10,9.978036619299208e-11,2.5311656081892584e-20,9.447895665935783e-14,-5.518798567721998e-21,124.502933267732,20.15849212613222,103.97701220116375,desktop
116682,1780.09,"(385, 342)","(122, 76, 435, 448)",0.97,0.001137280891577375,2.3001219657419136e-07,6.125786657345038e-10,6.777909776193453e-11,9.67233208555312e-21,4.389841026618011e-15,9.858461315032798e-21,31.81310277777778,29.484336111111112,138.36081388888888,desktop
141047,2284.7,"(223, 212)","(24, 0, 423, 423)",1.0,0.0008404286287371113,1.4380869317258443e-08,4.059371552026139e-11,1.0649971130515237e-11,2.1893020851880344e-22,9.27919270822932e-16,-3.3231438020051543e-23,2.5070283806343907,0.6465971062882582,149.8409654980523,desktop
127724,2726.98,"(130, 237)","(0, 0, 368, 551)",0.67,0.001100661450224597,7.799525080575952e-08,1.464957726766498e-10,4.2681218741051084e-11,3.325982159777333e-21,1.0623890311292692e-14,-5.7284576543437175e-22,98.46406388888889,121.70225,80.59931388888889,desktop
10248,1722.59,"(260, 157)","(161, 0, 280, 325)",0.86,0.004721923226084476,2.9263058119533384e-06,6.947560969100684e-09,8.181882193745911e-09,-5.874620824052542e-17,-6.377526676324979e-12,-1.8820479737079134e-17,68.11841321567205,67.89148279237894,177.70270214761516,desktop
77441,2463.58,"(181, 279)","(24, 0, 310, 486)",0.64,0.0013241833225992878,3.9199897926153405e-08,7.311289531573088e-10,9.52952512468177e-11,2.000231189503811e-20,1.5126717786075108e-14,1.525195004541636e-20,65.34217777777778,63.640966666666664,142.3687972222222,desktop
53836,1465.06,"(413, 433)","(242, 313, 358, 258)",1.39,0.001665771237075911,4.590792688707845e-07,3.151872217961707e-10,7.916025187567168e-10,-3.44610182635493e-19,4.4571146302117807e-13,-1.9388403940405023e-19,47.80668333333333,25.637941666666666,144.67006944444444,desktop
89586,2448.26,"(175, 302)","(39, 6, 310, 545)",0.57,0.001237921835555217,7.574728694383819e-07,2.291151997490733e-10,1.2333720139034102e-10,2.0561155323473167e-20,1.0635748508782018e-13,2.6660711109464682e-21,54.17274760176303,24.80254731656728,128.2849429608504,desktop
22483,729.54,"(516, 437)","(453, 307, 116, 260)",0.45,0.003388145401926656,1.2486456912800914e-06,2.010018601259227e-08,1.426261434876469e-08,2.28212395898955e-16,1.5628120172499643e-11,-7.897096869532752e-17,19.890498052309404,22.113163606010016,172.12670283806344,desktop
22483,729.54,"(516, 437)","(453, 307, 116, 260)",0.45,0.003388145401926656,1.2486456912800914e-06,2.010018601259227e-08,1.426261434876469e-08,2.28212395898955e-16,1.5628120172499643e-11,-7.897096869532752e-17,19.890498052309404,22.113163606010016,172.12670283806344,desktop
32739,1208.19,"(403, 202)","(343, 10, 117, 392)",0.3,0.001326080476026779,1.0763963204118686e-07,1.498292889398213e-10,1.217181072577973e-11,-3.734684804341353e-22,-3.71482246211171e-15,3.615341623625622e-22,13.236234012725717,7.329341334054253,175.06874005367877,desktop
84822,1493.93,"(368, 362)","(121, 211, 455, 325)",1.4,0.0010375658232471788,4.614439476184427e-08,1.8774073053382205e-10,8.521747223246765e-11,9.399799777102356e-21,4.165838299999445e-15,5.27515514985709e-21,40.04546666666667,25.827697222222223,125.49328055555556,desktop
84822,1493.93,"(368, 362)","(121, 211, 455, 325)",1.4,0.0010375658232471788,4.614439476184427e-08,1.8774073053382205e-10,8.521747223246765e-11,9.399799777102356e-21,4.165838299999445e-15,5.27515514985709e-21,40.04546666666667,25.827697222222223,125.49328055555556,desktop
50583,2522.69,"(281, 350)","(0, 170, 368, 430)",0.86,0.0024082783468342118,3.349308193419973e-06,2.280011742153925e-09,1.8484021801851833e-09,3.761533021253081e-18,2.439353292045885e-12,4.996758740441644e-19,13.816505555555555,19.59691388888889,189.13296944444446,desktop
212271,2232.87,"(307, 291)","(44, 42, 556, 507)",1.1,0.0013319957847691423,1.9066082444827118e-08,8.554547864619926e-11,1.1517377315724163e-10,1.360976687820484e-22,9.479656159891702e-15,-1.1431366407781372e-20,1.0383694444444445,3.2550555555555554,149.35984444444443,desktop
20729,683.6,"(93, 298)","(49, 158, 92, 260)",0.35,0.0031403383726031227,1.4131206516025167e-06,9.40057484706134e-09,4.811387945932037e-09,3.1152798215109313e-17,5.510643965333266e-12,8.749207154491673e-18,60.07265998887034,15.256858653311074,136.85644963828602,desktop
168373,2330.22,"(187, 293)","(0, 0, 440, 542)",0.81,0.0007805129541380977,8.298622281179864e-08,5.388751412078075e-11,5.552230294286967e-12,-9.395707715865588e-23,-1.2761185048671724e-15,-1.988611237084925e-23,2.2294513604476704,0.8809050727869916,86.29309435951502,desktop
13050,769.48,"(397, 330)","(338, 232, 104, 186)",0.56,0.003246145478019964,5.651617651354376e-07,3.0527142933523897e-08,8.413022711278548e-09,4.8260525776588995e-17,2.9433338763258877e-12,1.258918761520155e-16,29.702447222222222,39.82163611111111,171.52087777777777,desktop
62385,3603.44,"(270, 480)","(0, 237, 600, 363)",1.65,0.0018742233325679428,2.1794006451432547e-07,1.9755491852199116e-09,8.858338839046818e-10,4.660921512270564e-19,-3.7337529370077844e-13,-1.0751709753763988e-18,126.54796944444445,128.12710277777776,169.24855833333334,desktop
49402,964.07,"(403, 164)","(325, 0, 157, 330)",0.48,0.0019388992263854644,7.661941173208244e-07,2.2590561033467416e-09,1.7747037880993747e-09,3.516761902947122e-18,1.5078620250778953e-12,-5.094266792479382e-19,86.03139067018735,61.1521438450899,154.52326794920157,desktop
358235,2447.8,"(299, 299)","(0, 0, 600, 600)",1.0,0.0008398107932041342,3.1503864469687526e-10,8.087246465796568e-13,4.6310700834150974e-12,8.711776625185152e-24,6.512944927282391e-17,2.1044807366034955e-24,0.09600833333333333,0.14991944444444444,26.562344444444445,desktop
30781,2875.94,"(491, 298)","(336, 42, 264, 513)",0.51,0.002667608252447432,1.4922487964563898e-07,3.047609016015147e-09,1.5009865274867768e-09,3.2074289364723496e-18,4.880526799048585e-13,1.3560092028900573e-19,48.772419444444445,129.4684861111111,138.02621666666667,desktop
358801,2396.0,"(299, 299)","(0, 0, 600, 600)",1.0,0.002060206299595493,2.276370133594885e-07,1.785250749394489e-10,9.757719042438973e-10,-3.9220646954558875e-19,1.2773847712366755e-14,1.097043134002366e-19,27.60215277777778,58.80725,115.85132222222222,desktop
81420,1711.7,"(356, 337)","(206, 96, 317, 481)",0.66,0.0012092527391329838,1.7067254138115327e-07,1.2701662016829122e-10,2.6689035497483073e-11,-3.8790245787824793e-22,-1.1015063819176914e-14,1.5047290413587424e-21,30.759594444444446,3.2306305555555554,117.11888055555555,desktop
123891,2109.59,"(216, 360)","(0, 6, 407, 543)",0.75,0.0007708573099591595,3.6652796080757435e-09,4.8476260850423525e-11,1.4237708403178596e-11,1.1479790270632865e-23,-6.58964018537187e-16,3.738695232285852e-22,16.22264631043257,24.461839013334444,132.35271277409308,desktop
8614,501.01,"(272, 212)","(213, 173, 131, 114)",1.15,0.004497774584988167,2.6285497504574323e-06,4.104564789365297e-08,8.066696594449811e-09,1.4667188087813135e-16,1.1521875142471638e-11,5.722371916331876e-18,22.159777777777776,55.86479444444444,151.07868055555556,desktop
81420,1711.7,"(356, 337)","(206, 96, 317, 481)",0.66,0.0012092527391329838,1.7067254138115327e-07,1.2701662016829122e-10,2.6689035497483073e-11,-3.8790245787824793e-22,-1.1015063819176914e-14,1.5047290413587424e-21,30.759594444444446,3.2306305555555554,117.11888055555555,desktop
6602,419.2,"(249, 406)","(183, 369, 154, 71)",2.17,0.006567090163264569,3.0662146997626782e-06,4.6545912276467454e-07,7.227541292473475e-08,-1.3254688601594826e-14,-1.2531024648606669e-10,-2.1498195643795325e-16,34.99953611111111,55.411055555555556,182.88994444444444,desktop
120694,3599.56,"(182, 298)","(0, 15, 416, 544)",0.76,0.0009271930710834961,1.9103047505553374e-07,3.2811235930154113e-11,9.01883180077305e-12,-1.0066459632469122e-22,-1.8330422805798367e-15,-1.180529238722813e-22,66.55414079764284,26.425478270019994,95.18339471745765,desktop
55455,1605.95,"(413, 203)","(335, 0, 265, 433)",0.61,0.001272166825316903,8.953535116731698e-08,1.549166614859063e-10,3.7225336079129034e-11,2.314555625590659e-21,9.964796143884473e-15,1.6229815963343933e-21,74.20793055555555,62.63892222222222,139.89435833333334,desktop
65344,1090.12,"(373, 142)","(237, 21, 283, 261)",1.08,0.0012205493253820267,3.024598022824709e-07,9.550217846553929e-11,3.291134522673773e-10,5.435918020741837e-20,1.8033108773066563e-13,2.1202706710369857e-20,11.43898753739165,1.4550841168685114,128.8308367314151,desktop
66209,2401.04,"(225, 323)","(76, 25, 267, 490)",0.54,0.0014313891066978462,4.296974198723545e-07,2.884787133708872e-10,6.618592143354845e-10,2.3664172624548034e-19,4.2184326803266676e-13,1.6625293943270615e-19,18.967295989130744,17.27754535933652,106.49094511591043,desktop
128848,3363.54,"(222, 331)","(10, 0, 484, 578)",0.84,0.0009710276531048968,8.761413122859395e-08,1.78871409268119e-10,3.661833413801761e-12,9.159793865167203e-23,-5.523111716336945e-16,1.9816461875678507e-23,91.468775,20.746144444444443,131.6028611111111,desktop
39692,1134.76,"(290, 498)","(101, 428, 454, 147)",3.09,0.0019203359689235115,7.007484153235575e-07,6.831988970786725e-09,4.5676465166496e-09,2.5043413134598968e-17,2.7000121720832565e-12,-4.8880324883854885e-18,66.35949081803005,27.760670562047856,183.01543962159155,laptop
28495,1310.23,"(343, 322)","(72, 256, 456, 111)",4.11,0.003608421529123866,1.1102119306583077e-06,5.926339013212906e-09,1.5594227551034065e-08,-1.0288724991885633e-16,-1.0382399001919415e-11,1.0903254391141502e-16,50.916794657762935,23.54757095158598,205.11949081803004,laptop
19294,765.43,"(129, 316)","(0, 245, 255, 146)",1.75,0.002868016512329322,5.867238527884835e-06,2.043764204211898e-09,9.819470780136587e-10,1.3518365786323255e-18,1.8135804147019076e-12,3.2802520370183995e-19,86.14921111111111,69.42823888888888,210.65110555555555,laptop
41787,2531.48,"(289, 205)","(58, 0, 390, 399)",0.98,0.0034161708879606404,2.046484030640176e-06,2.4023172826373735e-09,7.878237603012332e-10,-2.0040359194281017e-19,-4.991835254726878e-14,1.0651352178142585e-18,76.80879641013031,72.83794361117941,140.6297161434855,laptop
29410,1070.47,"(251, 457)","(74, 396, 356, 126)",2.83,0.0014665690391956004,1.554268780638815e-08,1.334458171883747e-10,4.995111672286736e-10,-7.691295029194324e-20,-5.937653095952198e-14,-1.035193147469758e-19,84.68874722222222,74.99609722222222,169.2483777777778,laptop
20102,1278.04,"(295, 352)","(63, 258, 474, 123)",3.85,0.0055500505746008365,6.515196564176758e-07,1.0461712267704633e-08,5.2031049182288255e-09,3.836439788975673e-17,4.199771460644703e-12,-1.3453580742603337e-18,43.27095833333333,37.31481388888889,177.86265277777778,laptop
87712,3148.17,"(387, 273)","(0, 14, 552, 519)",1.06,0.0022312157970403954,1.1186019077788358e-06,3.3521079411283354e-09,7.344296549826318e-10,9.01196483440591e-19,-7.336580412102375e-14,-7.181607049301713e-19,69.51167509584795,49.451399651956386,153.22476683796938,laptop
88202,2775.28,"(184, 305)","(0, 13, 391, 515)",0.76,0.0013741525111102388,4.160712649631541e-07,5.680183770781653e-10,3.2061538027821674e-10,7.026956012871813e-20,1.1765418232567472e-13,-1.1739932991635206e-19,61.23758980689704,46.45322305631928,157.2070788302299,laptop
31453,1508.31,"(300, 404)","(149, 325, 347, 160)",2.17,0.0023033214044137574,1.563632021501968e-07,1.5117747296581916e-09,1.1224838465536398e-08,-1.6830890479216968e-18,1.4432178825186456e-12,-4.6208917949436356e-17,63.23436944444445,66.21993055555555,192.19568333333333,laptop
224205,2996.59,"(302, 234)","(14, 0, 576, 492)",1.17,0.00089473536050748,2.7182532511543967e-09,1.5937349742987186e-12,2.230462461130515e-12,-2.9425906695991872e-24,-1.0899309437286842e-16,3.0043283600759313e-24,61.65678611111111,79.76203611111112,120.349775,laptop
31963,936.59,"(327, 147)","(261, 31, 195, 302)",0.65,0.001647389761450073,3.377794606382813e-07,2.054371743510212e-09,1.083563304295652e-09,4.170474962514759e-19,2.334637542749954e-13,1.5619500969420745e-18,55.40472595787871,26.632812103527023,184.66905607713778,laptop
62569,1111.94,"(237, 174)","(105, 41, 266, 255)",1.04,0.0013263689707269841,2.509564231709992e-07,2.7208554134851153e-10,8.402415995723334e-11,-7.505073433481124e-21,2.4567219759696107e-14,1.025081708547101e-20,84.22084593837535,50.24194117647059,138.66275630252102,laptop
10888,777.28,"(360, 325)","(216, 227, 294, 193)",1.52,0.0030069400826174247,5.583801593546752e-06,5.37258469195141e-09,5.410454861227382e-10,-2.7045583344204575e-19,4.209502961742924e-13,8.819101749121909e-19,23.225445186421815,32.41310517529215,225.15355592654424,laptop
44001,2667.71,"(313, 274)","(82, 0, 461, 527)",0.87,0.00307027872563991,2.9397467746572176e-06,6.297587844135268e-09,5.964429422655539e-10,-1.0102924490418563e-18,-9.381739806216494e-13,5.61727986042306e-19,35.51290099499818,44.97534562624077,183.37162794579675,laptop
120201,2574.08,"(310, 366)","(6, 0, 593, 584)",1.02,0.0009759632547189047,3.4221517695448105e-08,3.8010871148910603e-11,1.5767134957766652e-10,1.0953694833250853e-20,1.4178936608080933e-14,-5.386063210665808e-21,43.998534346541895,39.8872507691191,179.7290327803865,laptop
80680,3877.02,"(295, 240)","(8, 0, 541, 387)",1.4,0.00130229888179375,1.621517490750198e-07,5.718856800572962e-10,4.012027902771329e-12,1.4661776619875296e-22,1.6124126409518132e-15,1.24237997690897e-22,78.84851704660448,104.44461003477397,116.90354363305183,laptop
249207,2232.01,"(299, 299)","(71, 0, 458, 589)",0.78,0.001316566863333998,5.7465333947105406e-08,3.56748415475786e-14,6.108384155310527e-11,-5.953151450801432e-24,1.2503782745815501e-14,-8.997502999996434e-23,61.338366666666666,81.5306,126.68224166666667,laptop
170414,3131.43,"(295, 382)","(0, 0, 598, 570)",1.05,0.0011956618060911409,6.192953006341267e-08,1.70234221748911e-12,2.03230131661641e-10,-3.780118667886942e-21,-5.033518555057859e-14,3.1300979240864054e-24,84.0880974485744,72.34298833346384,139.61698694645474,laptop
33705,1157.75,"(310, 101)","(134, 17, 411, 201)",2.04,0.0012349426625046138,5.381141376635082e-09,4.0764505094605435e-11,6.700011180383268e-11,1.9131997716965054e-21,3.2956171559121944e-15,-2.9326068364215992e-21,61.275781073923824,74.67478377845391,183.77062556344376,laptop
39534,1330.0,"(299, 566)","(0, 533, 600, 67)",8.96,0.0023601328806526914,2.8847843309777407e-08,1.8592401425636056e-11,8.831301786799655e-12,-1.1313387568036202e-22,-1.3319590313190826e-15,-2.5716094199883222e-24,37.575891666666664,7.532925,125.6824,laptop
39597,1129.93,"(290, 498)","(101, 428, 452, 147)",3.07,0.0021337116759705802,1.2167050544800657e-06,1.0599028514200887e-08,6.369193512990671e-09,5.1516345893124634e-17,5.7333555593642265e-12,-9.198261969661431e-18,65.14703972396956,36.77093430620316,181.42887282922845,laptop
84402,1813.66,"(348, 365)","(19, 190, 527, 336)",1.57,0.0009971639656008188,4.789766144820858e-08,4.976454809137956e-10,1.5194272486301324e-10,3.7301176547614216e-20,3.322414039885088e-14,1.8822400842505745e-20,35.47351491449332,33.35504527407427,144.71312865506744,laptop
69859,1837.73,"(297, 519)","(0, 440, 600, 147)",4.08,0.0014612029379180433,1.6773763739302687e-06,4.6861996500392535e-11,1.2518555833094814e-11,2.5597035059878177e-22,7.835946529183588e-15,-1.6252608943117214e-22,49.94970784641068,51.6497245409015,176.99417918753477,laptop
24649,2135.91,"(270, 312)","(70, 212, 460, 158)",2.91,0.0032108475719293543,2.3802950310872842e-07,1.3852776229255576e-09,2.6830669196788854e-09,-1.5474666128759942e-18,-1.2838760854054936e-12,-4.935784857273488e-18,43.47490949021881,54.94802132658493,174.85839504349207,laptop
24649,2135.91,"(270, 312)","(70, 212, 460, 158)",2.91,0.0032108475719293543,2.3802950310872842e-07,1.3852776229255576e-09,2.6830669196788854e-09,-1.5474666128759942e-18,-1.2838760854054936e-12,-4.935784857273488e-18,43.47490949021881,54.94802132658493,174.85839504349207,laptop
115872,3091.32,"(299, 424)","(71, 0, 458, 589)",0.78,0.0016307699030624068,1.1877134111866613e-08,8.42370260467524e-12,1.4826339664349115e-09,1.6301046630089984e-19,-1.595210898082656e-13,-2.969072865924909e-20,19.245816666666666,2.161136111111111,174.19256388888888,laptop
198892,5005.67,"(298, 260)","(0, 6, 600, 593)",1.01,0.0011963813695416376,3.151059289674564e-08,7.806063966738642e-12,1.0329304705734267e-10,1.812672923054274e-21,1.5845391925961567e-14,2.305889575969856e-21,83.62807178631051,133.70097941012799,109.80600445186421,laptop
115872,3091.32,"(299, 424)","(71, 0, 458, 589)",0.78,0.0016307699030624068,1.1877134111866613e-08,8.42370260467524e-12,1.4826339664349115e-09,1.6301046630089984e-19,-1.595210898082656e-13,-2.969072865924909e-20,19.245816666666666,2.161136111111111,174.19256388888888,laptop
198892,5005.67,"(298, 260)","(0, 6, 600, 593)",1.01,0.0011963813695416376,3.151059289674564e-08,7.806063966738642e-12,1.0329304705734267e-10,1.812672923054274e-21,1.5845391925961567e-14,2.305889575969856e-21,83.62807178631051,133.70097941012799,109.80600445186421,laptop
6228,379.28,"(443, 338)","(373, 296, 127, 89)",1.43,0.012712410855855361,0.0001236198761909143,8.391845611499953e-07,1.378970145704469e-06,1.4705880530522615e-12,1.5331308131570997e-08,1.9461332563190481e-13,41.512188888888886,57.298458333333336,208.2426861111111,laptop
62791,2328.31,"(261, 322)","(0, 236, 546, 170)",3.21,0.0015506499306721286,4.322560294150608e-07,1.924444920184249e-09,6.68437162683473e-10,6.779395765540034e-19,1.4883276409257026e-13,-3.393506611155886e-19,83.90665656182898,100.58017557155488,144.81823472094408,laptop
6228,379.28,"(443, 338)","(373, 296, 127, 89)",1.43,0.012712410855855361,0.0001236198761909143,8.391845611499953e-07,1.378970145704469e-06,1.4705880530522615e-12,1.5331308131570997e-08,1.9461332563190481e-13,41.512188888888886,57.298458333333336,208.2426861111111,laptop
24815,1253.82,"(289, 427)","(147, 369, 304, 129)",2.36,0.0024618829659629003,1.4837245668462233e-07,2.9590722013692603e-09,1.2395952890076043e-08,-3.969444415174865e-17,-3.4996216028118564e-15,-6.372336178059164e-17,51.240966666666665,47.60242777777778,198.3324,laptop
150585,1732.95,"(199, 251)","(0, 0, 377, 551)",0.68,0.0014503427624697372,5.262724002717071e-07,1.123557795048563e-11,1.1709175313448468e-10,4.031094940785002e-21,4.8462408285761434e-14,1.337045416242746e-21,29.349533333333333,50.094902777777776,164.411575,laptop
75541,1614.23,"(301, 492)","(11, 396, 580, 172)",3.37,0.0034022355504244174,5.029196192008237e-07,1.2789359175779285e-08,1.4249188231201403e-08,1.9231093102153182e-16,9.918944680496016e-12,-4.241563670889202e-18,52.951322222222224,53.35380555555555,151.36665277777777,laptop
75541,1614.23,"(301, 492)","(11, 396, 580, 172)",3.37,0.0034022355504244174,5.029196192008237e-07,1.2789359175779285e-08,1.4249188231201403e-08,1.9231093102153182e-16,9.918944680496016e-12,-4.241563670889202e-18,52.951322222222224,53.35380555555555,151.36665277777777,laptop
7983,1197.5,"(423, 382)","(216, 185, 332, 260)",1.28,0.008905704074810129,4.384957894423555e-05,4.448665882297439e-07,9.834284418022075e-08,-2.0552661968402546e-15,-1.572837450303031e-10,-2.0466815826604642e-14,82.89973289039527,110.27762844829522,177.54890182038562,laptop
202088,1910.11,"(274, 226)","(8, 0, 536, 441)",1.22,0.000953331437938944,2.1364961998595253e-08,7.723796823172034e-13,2.404011533978005e-13,-3.944047584501811e-26,-1.2143117364670983e-18,-9.578860036442261e-26,18.688548135527654,8.642497047215741,84.3039001444498,laptop
7983,1197.5,"(423, 382)","(216, 185, 332, 260)",1.28,0.008905704074810129,4.384957894423555e-05,4.448665882297439e-07,9.834284418022075e-08,-2.0552661968402546e-15,-1.572837450303031e-10,-2.0466815826604642e-14,82.89973289039527,110.27762844829522,177.54890182038562,laptop
270843,2304.86,"(296, 311)","(0, 0, 600, 599)",1.0,0.001059959162873943,1.0346126269712135e-07,1.0338312695906217e-10,1.7918168793580343e-13,-3.4785646882818334e-25,-5.615443644894572e-17,6.882881035819652e-25,61.407902058987204,101.83689482470784,112.6664468558709,laptop
251432,2088.81,"(299, 257)","(55, 0, 491, 523)",0.94,0.000896393618535373,5.674018509334757e-09,2.233977282247427e-12,1.0913906877631271e-11,2.0215662089761543e-23,8.219394498449349e-16,-4.995477903386805e-23,62.79409756383065,67.31853868857668,97.016753019083,laptop
251432,2088.81,"(299, 257)","(55, 0, 491, 523)",0.94,0.000896393618535373,5.674018509334757e-09,2.233977282247427e-12,1.0913906877631271e-11,2.0215662089761543e-23,8.219394498449349e-16,-4.995477903386805e-23,62.79409756383065,67.31853868857668,97.016753019083,laptop
11767,931.66,"(300, 405)","(80, 392, 441, 28)",15.75,0.010352328633699772,1.0606404770918077e-05,3.158226274850296e-08,2.933369283116924e-07,2.7878164943271465e-14,9.55056262890559e-10,-4.468129546711557e-15,52.35664444444444,35.81142777777778,194.07679444444443,laptop
11680,820.61,"(238, 454)","(176, 318, 101, 248)",0.41,0.0035451840740628087,2.622933605546207e-06,2.9230070114793843e-08,7.813568226643947e-09,1.17559483320033e-16,1.2653170211620953e-11,-1.1111686563541668e-17,26.6375686227194,24.09468857997294,197.35835782349275,laptop
157085,2420.8,"(383, 269)","(9, 0, 591, 549)",1.08,0.0013221130006331547,4.512839481393213e-07,2.4302201641456615e-10,5.952244508383184e-11,-3.2206655980323033e-21,-3.4941952569669266e-14,-6.393481813618529e-21,47.277817185697806,58.008529411764705,160.35990196078433,laptop
246723,3317.42,"(299, 325)","(0, 0, 600, 599)",1.0,0.0011723308498441,1.228716467089489e-07,1.2374680112868986e-10,5.3720956378624295e-12,1.2076696453353754e-22,1.7623534758435963e-15,6.782691056907384e-23,58.3558347245409,100.86299666110183,121.10348914858096,laptop
21372,748.15,"(385, 305)","(279, 223, 243, 150)",1.62,0.003993352671363632,1.6751880765728975e-06,2.78279009386669e-08,1.0184948495090892e-08,-9.528259446308011e-17,9.913373480252475e-12,1.4255482836429959e-16,58.343738888888886,105.67334444444444,144.40601666666666,laptop
21372,748.15,"(385, 305)","(279, 223, 243, 150)",1.62,0.003993352671363632,1.6751880765728975e-06,2.78279009386669e-08,1.0184948495090892e-08,-9.528259446308011e-17,9.913373480252475e-12,1.4255482836429959e-16,58.343738888888886,105.67334444444444,144.40601666666666,laptop
74214,2466.66,"(259, 97)","(0, 0, 600, 329)",1.82,0.0028152736720966336,7.648827002495318e-08,2.0600870253320712e-10,1.4452215574240446e-09,-7.250165304563693e-19,-3.3900640085580885e-13,-3.101703452303793e-19,123.86945277777778,202.9913611111111,122.29785833333334,laptop
11313,1195.24,"(242, 290)","(0, 255, 551, 69)",7.99,0.004277047881678665,2.142531010530146e-06,4.63293251486804e-10,5.224357239914598e-09,6.3955459416990525e-18,6.960103856063201e-12,-5.015917304908618e-18,51.65595436839176,24.5688286032276,197.06208681135226,laptop
16635,1906.69,"(107, 356)","(0, 92, 217, 424)",0.51,0.006382763705512769,1.2421827657100983e-05,8.829838525588535e-08,4.267861858211332e-08,2.1120891768780444e-15,1.5007016556787755e-10,1.5502202427249677e-15,44.93403450194769,53.245773511407904,205.7072287145242,laptop
76366,1804.22,"(335, 114)","(122, 0, 457, 236)",1.94,0.0015973488021772504,1.3768160170597113e-07,8.893140167190349e-10,1.2553226981948932e-09,1.1272227176781375e-18,3.280036273266509e-13,6.989946467097532e-19,37.320880555555554,42.05369722222222,179.91573888888888,laptop
76366,1804.22,"(335, 114)","(122, 0, 457, 236)",1.94,0.0015973488021772504,1.3768160170597113e-07,8.893140167190349e-10,1.2553226981948932e-09,1.1272227176781375e-18,3.280036273266509e-13,6.989946467097532e-19,37.320880555555554,42.05369722222222,179.91573888888888,laptop
183583,2535.61,"(301, 264)","(32, 8, 525, 478)",1.1,0.001085180578004878,2.54876930301579e-08,2.2060688910402148e-11,1.0776310476822956e-12,4.2743792587714485e-24,-6.659125329360151e-17,3.055703948022595e-24,90.86474930236744,105.21057893856975,115.96040533415635,laptop
126471,2213.36,"(233, 269)","(0, 22, 553, 536)",1.03,0.0008483498986096244,3.572223433660526e-08,5.3424724536526284e-11,6.837265705989134e-13,2.7586550434023085e-24,-1.2903980289338542e-16,3.076680139075408e-24,21.093346855854392,52.28197326750672,153.17056874320286,laptop
38398,823.38,"(359, 78)","(227, 0, 251, 185)",1.36,0.0018217062819795697,2.2859311236134118e-07,2.2749310108434456e-10,5.965051405551923e-10,-5.46199291810953e-20,-1.3746805893754794e-13,-2.1284149978886485e-19,108.50769722222222,20.003925,134.4791,laptop
126471,2213.36,"(233, 269)","(0, 22, 553, 536)",1.03,0.0008483498986096244,3.572223433660526e-08,5.3424724536526284e-11,6.837265705989134e-13,2.7586550434023085e-24,-1.2903980289338542e-16,3.076680139075408e-24,21.093346855854392,52.28197326750672,153.17056874320286,laptop
60814,2329.89,"(353, 395)","(241, 112, 294, 486)",0.6,0.00163833559823705,1.0990213952343876e-06,1.2803792796660885e-09,1.0633843500952646e-09,1.1266397342448287e-18,1.0793687128178726e-12,-5.198926114357203e-19,31.9533751393534,38.18017001114827,174.42586677814938,laptop
32980,867.3,"(237, 88)","(98, 0, 297, 170)",1.75,0.002118380835465478,3.0654930281389835e-07,2.441606293789979e-09,1.2174320615345053e-09,1.30127664358856e-18,-3.2457114716135626e-13,1.6469145562372311e-18,22.529041666666668,39.080283333333334,196.08848333333333,laptop
61421,1526.63,"(494, 344)","(397, 119, 196, 424)",0.46,0.001916994505398048,2.6299658251040125e-07,4.388675007861679e-09,2.179658770318643e-09,-1.6757632231774317e-18,-4.551447896087546e-13,-6.529790302941459e-18,33.70146042363434,103.86922240802676,180.26083054626534,laptop
59321,1570.59,"(318, 457)","(32, 319, 534, 280)",1.91,0.0019576505435085116,1.0085362947297717e-06,1.6611400842728677e-09,9.74784734155328e-10,9.990641633708977e-19,-3.8873541639364425e-13,7.351833038547338e-19,24.441318864774626,8.427974401780746,198.2334474123539,laptop
14551,1411.68,"(308, 468)","(96, 442, 406, 77)",5.27,0.007020525083236448,5.006421619646633e-06,1.0909332337380817e-08,1.905851174108265e-08,2.527430808669585e-16,-2.7323136193384142e-11,1.0789569779906927e-16,16.959525,33.009147222222225,190.29734166666665,laptop
12757,1380.56,"(180, 273)","(106, 137, 141, 269)",0.52,0.0047192287057582685,6.398283256430815e-06,1.0692467815371331e-08,5.882888844311834e-11,1.1304372229359788e-20,1.2092573132319729e-13,-4.526774030232276e-20,34.54731666666667,54.822294444444445,150.33579166666667,laptop
179479,2067.09,"(234, 282)","(16, 15, 456, 546)",0.84,0.0008055279746450631,3.137633950595885e-08,5.937381158260626e-13,1.1710495621134745e-12,4.149192646838597e-25,-9.030937308750875e-17,8.83935595468244e-25,23.414908333333333,37.25515277777778,132.67435833333334,laptop
18252,1775.99,"(340, 247)","(0, 70, 573, 243)",2.36,0.007184587630400305,1.7026473329464893e-05,5.919442931601723e-08,1.210724396690139e-08,1.1672964332646318e-16,1.5047896330635945e-11,3.0237259872104067e-16,18.80004459308807,48.80157190635452,191.75370122630991,laptop
21226,858.25,"(176, 158)","(57, 78, 283, 144)",1.97,0.0037466152295525337,6.56217197309956e-06,1.0402007653802496e-08,2.4551399969146978e-08,2.190064543613025e-16,6.239452850024111e-11,-3.2553680780778187e-16,60.3002754590985,44.46248191430161,196.3497078464107,laptop
23713,667.01,"(119, 527)","(25, 460, 190, 133)",1.43,0.004090957813590142,2.4324194842725605e-06,1.1585328102223246e-08,4.438058537517506e-11,3.178860379510808e-20,-2.8498675756086155e-14,1.4832646356274418e-21,45.57818888888889,34.614216666666664,184.51520277777777,laptop
32672,970.2,"(243, 473)","(75, 365, 293, 227)",1.29,0.002203825203613931,1.8421223720200945e-06,1.4671639592805433e-08,1.5653647251658322e-08,2.3551177162764624e-16,2.0601564300785295e-11,-2.8468791599491764e-17,62.11506075403134,65.48727004315239,188.06970531455826,laptop
67023,1849.24,"(234, 309)","(77, 73, 446, 358)",1.25,0.001971122568037948,2.8825741637722396e-07,8.731755501739952e-10,1.0928075970598487e-09,-9.720547128978153e-19,-5.747897671853953e-13,-4.412003989455826e-19,44.143522222222224,41.88464722222222,172.821375,laptop
88823,3305.67,"(277, 210)","(14, 0, 552, 510)",1.08,0.0032378395046692345,1.7721613984390037e-06,1.5010870026506975e-09,1.2016068575900207e-11,7.172719756367113e-22,7.487601226541e-16,-1.4456255377445828e-21,31.486772398441847,66.74046466332777,180.98796883695047,laptop
11771,1131.93,"(301, 181)","(48, 117, 434, 110)",3.95,0.0051589349157296245,4.7077577023694205e-07,1.294349516872074e-07,2.0030239815126528e-08,-9.781462017589561e-16,-6.2013866719986165e-12,-2.888141851658484e-16,26.345800886546066,22.731978983039244,216.0448989371716,laptop
75598,1792.32,"(334, 112)","(121, 0, 457, 232)",1.97,0.001095072148905848,1.3816751716749096e-07,3.8548742523210273e-10,7.426804077863785e-11,-5.378191464343922e-21,-1.7330605375051395e-14,1.1357262615174549e-20,20.92330550918197,17.053071786310518,170.54361157484698,laptop
47027,1220.03,"(277, 485)","(102, 383, 412, 187)",2.2,0.0021225754066022534,2.857370838949654e-08,1.2119031787707333e-09,2.7037199561360343e-09,-1.4148022916611124e-18,3.455097741911938e-13,-4.685184688260727e-18,14.937381747356705,39.3470673344463,172.16598219254314,laptop
7676,817.5,"(430, 317)","(256, 267, 313, 94)",3.33,0.004871832045869068,5.79767724355786e-06,2.3176071465797707e-07,1.426706907758274e-07,2.3282674062654158e-14,-3.7837435059849795e-11,1.1443867602606105e-14,38.03893523150716,15.988977176763722,220.8939662932935,laptop
20659,882.48,"(324, 544)","(152, 493, 362, 106)",3.42,0.005832834189757047,1.2502894402468842e-05,1.1422111959287029e-07,1.228257580634118e-07,1.422935962325133e-14,4.2845675983455424e-10,3.028798251495466e-15,48.44632079106203,38.25817555457535,188.57744512872625,laptop
19693,932.0,"(256, 379)","(47, 356, 420, 48)",8.75,0.00435887879368923,8.658962592545773e-07,7.466389550912475e-08,3.6519728724998e-08,1.893365286713977e-15,3.344865802469038e-11,2.2748397797567e-16,100.30381222242319,77.33340701888359,170.5526583736929,laptop
38719,2858.92,"(350, 108)","(60, 0, 479, 343)",1.4,0.0022204158496545597,5.226669243633694e-07,2.72186092608874e-10,3.020885399350051e-10,-8.651225367565244e-20,-1.577704780257033e-13,-4.3832412126787056e-21,42.58340277777778,103.89356666666667,177.99705,laptop
19693,932.0,"(256, 379)","(47, 356, 420, 48)",8.75,0.00435887879368923,8.658962592545773e-07,7.466389550912475e-08,3.6519728724998e-08,1.893365286713977e-15,3.344865802469038e-11,2.2748397797567e-16,100.30381222242319,77.33340701888359,170.5526583736929,laptop
24616,706.41,"(452, 482)","(346, 392, 215, 161)",1.34,0.001999354588492169,1.2231820769126704e-06,1.2200464204211639e-09,8.513409690355674e-09,2.4816007968966776e-17,9.365958285386493e-12,-1.1703780592887269e-17,82.86821195681955,48.48242450029494,190.56359252561785,laptop
10679,589.6,"(411, 51)","(318, 8, 159, 141)",1.13,0.00642761444612083,2.80709322211762e-05,9.878454539893112e-10,3.781996749453445e-09,-5.908056168271184e-19,1.932524766440249e-11,7.286235465638975e-18,66.42696543158077,67.54039753182619,160.2087158636444,laptop
24616,706.41,"(452, 482)","(346, 392, 215, 161)",1.34,0.001999354588492169,1.2231820769126704e-06,1.2200464204211639e-09,8.513409690355674e-09,2.4816007968966776e-17,9.365958285386493e-12,-1.1703780592887269e-17,82.86821195681955,48.48242450029494,190.56359252561785,laptop
16225,1137.27,"(263, 339)","(186, 211, 194, 297)",0.65,0.002825340770671982,2.3291669174277093e-08,6.994353139714174e-09,2.623004814226607e-09,-1.4286062826765669e-18,-7.608147345211986e-15,1.1143783969733283e-17,90.3700361111111,60.99355833333333,128.90020555555554,laptop
21627,1175.97,"(104, 117)","(0, 10, 212, 179)",1.18,0.002738082766049454,4.395013065630237e-06,1.9720581573633572e-09,6.666631730100891e-10,7.623827770234548e-19,1.347388449133025e-12,5.54692995737558e-20,62.4573768939394,28.381998106060607,153.3778125,laptop
55974,2470.57,"(223, 323)","(64, 84, 470, 362)",1.3,0.0016478285352640803,2.5070120119724978e-08,3.900340835810463e-10,7.13764491496325e-10,-1.8935016876339593e-19,-3.2864840515153375e-14,-3.2553997653644945e-19,79.36630554514586,106.2343599177824,146.13371716689946,laptop
122683,1825.7,"(366, 256)","(191, 16, 347, 514)",0.68,0.0013959019036803467,4.2315253098363416e-07,1.9561851331670947e-10,7.997979804627622e-11,-4.921893166247592e-21,-4.67842844332815e-14,-8.709522926945446e-21,49.0888762303443,61.783535575662036,160.4847192231775,laptop
17802,870.05,"(439, 178)","(278, 77, 276, 162)",1.7,0.0027533521407135217,1.3187078698378755e-06,1.0892133588241636e-08,4.2182390079463416e-10,8.786903874577493e-19,2.0663978832279588e-13,2.1316307104577858e-19,68.51210626907279,88.41917362702343,160.236155841596,monitor
166715,4477.24,"(280, 227)","(0, 0, 600, 553)",1.08,0.0016499878905313508,6.230313065155907e-08,3.1496753224139884e-11,5.831596236766983e-11,-2.496486359383238e-21,-1.3244703217227952e-14,1.180336467542126e-22,115.14948888888888,158.91927222222222,97.03961944444444,monitor
34013,3098.49,"(201, 194)","(0, 0, 407, 423)",0.96,0.0038546544611337457,9.125226272144299e-07,4.6077994490351693e-10,1.042649905967744e-09,1.150581872686435e-19,6.668342065290839e-13,-7.134763249479895e-19,73.62164700387841,71.47206936463135,136.8782210083863,monitor
188854,4313.93,"(298, 328)","(0, 0, 600, 600)",1.0,0.0015334040397361835,1.1829189938226974e-07,7.875024762317238e-12,5.963681816180822e-11,-5.461087175783599e-22,-1.9209112448732466e-14,1.1713532762824332e-21,86.1275611111111,138.42944166666666,103.55103333333334,monitor
74765,4479.75,"(278, 306)","(0, 0, 572, 571)",1.0,0.003399081589857641,5.04255856387176e-08,2.3764745256504046e-09,3.4539700908014445e-09,-9.230442154954417e-18,-5.717038458481792e-13,-3.566914355545871e-18,68.07686289614,71.5174704813259,184.13831349373518,monitor
5318,563.64,"(514, 355)","(489, 265, 76, 162)",0.47,0.008110594923920128,2.002194141454154e-05,2.6532187529392903e-07,1.3860449345629284e-07,2.568225021044884e-14,5.622809710295216e-10,6.8491128886303135e-15,59.39913888888889,51.66546944444445,186.8301277777778,monitor
5467,922.14,"(220, 268)","(0, 261, 448, 15)",29.87,0.009338904646832085,7.682055124970894e-05,2.4637823710623325e-08,1.1981226332276136e-09,-6.493343477145228e-18,-1.0451335199369579e-11,-4.595041093375918e-19,84.54793877653184,146.33789922907488,200.4134211053264,monitor
204706,2134.57,"(222, 232)","(0, 0, 446, 563)",0.79,0.0006637188851947255,3.1318571538961066e-09,5.0104022207506046e-12,1.6859973525379429e-13,1.5495223080125701e-25,9.43534387814749e-18,-1.6220938857207744e-27,0.0,0.0,49.19138742642315,monitor
93359,1888.52,"(166, 161)","(0, 0, 332, 349)",0.95,0.0008231721789461619,2.598296510519461e-08,2.739507958888816e-11,1.1632270460713222e-11,2.0002077773999476e-22,1.554739560380106e-15,5.577119678084574e-23,60.689411063068434,90.84449083047562,120.84153869091993,monitor
14432,928.02,"(150, 302)","(126, 49, 56, 425)",0.13,0.004498439615117349,2.895038757122697e-07,7.738401773734599e-08,3.1426486446333314e-08,-8.229614741338573e-16,-1.2971617500442724e-11,1.3132193375097761e-15,61.91348076627264,70.90218368771669,189.192689290405,monitor
6416,547.2,"(197, 387)","(168, 259, 57, 210)",0.27,0.007997572768831956,8.186948289019308e-06,3.367938214398091e-07,8.257720975156552e-08,1.3757479826198161e-14,2.200014102394039e-10,-6.149824945602226e-16,58.36833893557423,42.51726610644258,197.9472044817927,monitor
50706,2991.16,"(373, 332)","(0, 0, 578, 526)",1.1,0.00442975527774336,3.620673301985948e-06,3.46360597720048e-08,6.949091974387332e-09,-5.946592749130091e-17,-8.870693664035087e-12,8.992582602350605e-17,94.76292800453514,86.93199829931973,149.81802721088437,monitor
106571,3007.55,"(273, 350)","(0, 83, 600, 495)",1.21,0.0016218356198943133,1.057183131217327e-06,1.3144927896662478e-09,9.641035567832914e-11,-2.9969818665432226e-20,-9.433426803513536e-14,-1.6726221855730803e-20,9.445222222222222,140.9421638888889,155.25953055555556,monitor
13661,671.87,"(362, 58)","(258, 0, 179, 117)",1.53,0.0036493729425799643,2.857794863396915e-06,5.897404165106504e-09,1.0084270734289207e-09,-2.423089133699961e-18,-1.6290401963439047e-12,4.199961200840863e-19,89.39585,50.566425,164.04464444444446,monitor
103194,4719.84,"(277, 275)","(0, 0, 556, 554)",1.0,0.00241373572305858,8.366259995890007e-08,8.719739150319756e-10,3.563200703173315e-10,-1.8565956253312867e-19,-1.3771953170478328e-14,-7.055826458626685e-20,59.51220594366029,107.52050801024359,152.32609433625157,monitor
274689,2303.34,"(298, 229)","(0, 0, 600, 517)",1.16,0.0011472551117479425,5.71022768619139e-08,2.59796975317712e-11,1.118179044202006e-11,1.9013915242277307e-22,2.669875613420272e-15,-1.2998749357641559e-23,98.99419444444445,142.4633861111111,85.02371388888889,monitor
20438,1558.82,"(263, 371)","(132, 268, 333, 255)",1.31,0.0026330035925792336,1.0730324195130607e-06,2.962289846533869e-09,4.268874676504001e-10,4.7097627016848675e-19,2.684881127592125e-13,-9.287952137029026e-20,91.47425833333334,69.19917777777778,125.72513333333333,monitor
148274,4396.95,"(374, 401)","(0, 114, 600, 486)",1.23,0.0012418826556237997,1.2389207134926287e-07,7.210005775852309e-10,1.1751201442810704e-10,2.0506622681635903e-20,8.890472927572235e-15,-2.737643458180299e-20,59.8402,25.459041666666668,99.523225,monitor
39114,1229.46,"(264, 491)","(48, 395, 461, 196)",2.35,0.002240217767100863,3.0349872708463143e-07,2.697389526374045e-10,8.093810432769549e-10,-1.437135606980134e-19,3.0022373918393474e-13,3.4981192275573892e-19,89.97458055555556,61.49157777777778,145.77030833333333,monitor
46611,3453.06,"(303, 207)","(43, 0, 514, 382)",1.35,0.004431323947627264,5.327846605632963e-07,7.491742695574628e-11,8.399981595075455e-10,-1.596917325167969e-19,-2.879594459291021e-13,-1.3748497124384432e-19,55.78724209898628,90.36375968992247,187.8894901610018,monitor
56211,2891.23,"(83, 288)","(8, 7, 245, 516)",0.47,0.0018133736309662828,3.6584472945431375e-07,8.67045241112479e-10,1.8495807149214572e-10,5.735296768425562e-20,1.0810037195217553e-13,-4.686907968408242e-20,70.81301388888889,80.28405833333333,142.000225,monitor
82024,1955.46,"(304, 350)","(0, 263, 600, 164)",3.66,0.0018084163092193027,1.351520252943873e-06,6.89778900370944e-10,1.5574411006511109e-10,2.2207862888419638e-20,-7.683226932089251e-14,4.5963389215453855e-20,63.547669444444445,127.43766111111111,127.72844444444445,monitor
183033,1734.53,"(251, 186)","(0, 0, 507, 369)",1.37,0.0018163181733587446,3.072652353504651e-07,7.253082721582495e-13,4.840886620036144e-11,2.4339228114457744e-22,1.6570590268662355e-14,-1.5179190073258712e-22,75.90844773955142,123.08415386174583,140.31051835566885,monitor
86820,2329.03,"(159, 260)","(32, 42, 288, 469)",0.61,0.0016746153737517875,9.361460462092338e-07,9.81867506313126e-10,5.705294823776457e-10,4.0849921729017503e-19,4.98602081455699e-13,-1.2438077810882172e-19,49.54510833333333,100.91135555555556,98.46031666666667,monitor
46007,4091.48,"(283, 231)","(0, 0, 560, 453)",1.24,0.005098988426898457,1.0927321573017618e-06,3.2191415961630923e-09,3.64216281511269e-09,-1.2328329312505285e-17,-3.774682734826307e-12,-1.882477174461039e-18,64.05169504888048,93.83911226742353,174.26929596341847,monitor
206133,3270.21,"(342, 214)","(0, 0, 600, 468)",1.28,0.001198669631368486,1.0136160198573437e-09,4.3090223098450206e-11,6.376776743864575e-12,3.128918497625685e-23,-7.007069027385512e-17,1.0096687856570286e-22,78.70384722222222,102.59328333333333,91.86261388888889,monitor
28459,1371.72,"(63, 474)","(0, 279, 266, 321)",0.83,0.00366492991670213,1.6836626958156624e-07,3.831115995427959e-08,1.2744932140257526e-08,-2.756089635944263e-16,-5.169097252869503e-12,5.789225597199592e-17,79.91638055555556,131.17473611111112,138.85462222222222,monitor
248293,2703.37,"(273, 248)","(0, 0, 544, 546)",1.0,0.00252542511904801,1.319269189877022e-10,3.454892519501114e-10,1.8637522046523613e-09,-1.4870304413862115e-18,-9.954683358014597e-15,-1.5936038490653425e-19,89.41127206127206,131.86372294372293,145.40524808524808,monitor
170176,1657.66,"(229, 185)","(0, 0, 460, 372)",1.24,0.00546923628772821,3.798232271004109e-07,2.0536012318127984e-12,4.807614544922835e-10,-1.3380776869716067e-20,-2.8093605750701924e-13,7.010651842797616e-21,94.02614758357873,121.08538887926555,195.7149142560194,monitor
152273,1561.07,"(218, 209)","(14, 23, 410, 374)",1.1,0.0007639616325259963,1.392018692242372e-09,2.0470798839040728e-11,1.438483037256762e-12,7.802679224613852e-24,5.3460967257902596e-17,2.251686355164867e-25,25.078241646734796,13.66219709598705,93.11587865316937,monitor
35259,2853.1,"(201, 328)","(0, 7, 535, 551)",0.97,0.005766838483003013,1.619540273496082e-06,2.7066285477063296e-08,1.8241107853917395e-08,-3.418877769976941e-16,-1.5814314339766987e-11,-2.1769666781201246e-16,89.82919304592504,107.40415033664958,176.53382909590326,monitor
11170,822.95,"(387, 411)","(205, 335, 259, 124)",2.09,0.0033512060217177715,5.530791016324737e-06,8.526379295508027e-09,2.8958888040091062e-09,1.0866239023750672e-17,2.3491211057041703e-12,-9.433534044042427e-18,65.0964506645434,121.1182665217125,201.1522363263306,monitor
123881,3797.24,"(269, 255)","(0, 0, 600, 518)",1.16,0.0018561418336568187,5.769409280428137e-07,7.888013585272004e-10,2.2818148910604293e-10,9.062220490627409e-20,1.4427845846032395e-13,3.4045719599116766e-20,109.97245833333334,126.469825,119.52333888888889,monitor
9785,774.02,"(298, 549)","(179, 464, 240, 127)",1.89,0.004472057325188374,6.534167011234544e-06,3.162585360246213e-07,3.622327626808226e-07,1.2222190926188065e-13,9.088243036325697e-10,-9.665033273089745e-15,53.144883138564275,51.25234001112966,189.97480801335558,monitor
44901,1384.73,"(37, 295)","(0, 0, 97, 600)",0.16,0.0030090651459238177,1.116997475525136e-06,5.026583037851406e-11,4.774987937351104e-11,2.2960259584907684e-21,5.011315714367687e-14,4.481230731717188e-22,61.20698888888889,35.793775,145.8482111111111,monitor
88708,4753.59,"(328, 386)","(0, 82, 600, 517)",1.16,0.001877369170293066,5.160225853556061e-07,1.9594355515806172e-10,1.6724258830045258e-10,4.292169776467222e-21,-2.2892601313934846e-14,2.9969316168540215e-20,81.31877017250974,149.8916165831942,141.91446021146356,monitor
358801,2396.0,"(299, 299)","(0, 0, 600, 600)",1.0,0.003571976203164025,2.1636060566578225e-07,1.5057234347455028e-10,1.2000109749464427e-09,4.914667322906141e-19,-2.2207668349711858e-13,-1.3658916334032877e-19,43.754733333333334,36.27466666666667,175.35001111111112,monitor
193923,4618.84,"(307, 395)","(0, 0, 600, 600)",1.0,0.0014120077734791007,1.5944882000265264e-08,3.24237393824894e-11,1.4458294128519894e-10,9.00694389419794e-21,-1.5138088209645298e-14,-4.107590157083621e-21,47.11456666666667,89.69825833333333,100.45388611111112,monitor
41150,4005.35,"(251, 364)","(0, 0, 599, 579)",1.03,0.006205666708434425,3.194649953811534e-06,3.364166559830196e-10,5.4809329479577184e-08,1.8831530102733677e-16,6.020275313325571e-11,1.4116858976111141e-16,91.94489422169613,134.63259836628495,167.1668527813915,monitor
14181,1671.6,"(437, 314)","(232, 116, 354, 313)",1.13,0.008150215778344416,2.930054026833994e-05,1.6316021638760228e-07,1.5791412018669514e-08,-2.1668674298971402e-16,-7.969826462716913e-11,7.71720691551202e-16,72.4460506585063,90.67105897040962,210.0608668806275,monitor
192368,3447.11,"(306, 426)","(0, 75, 600, 525)",1.14,0.0010393781410932695,1.5596945344860717e-07,1.5897355414179514e-11,4.719805190298013e-11,-1.1835997808040157e-21,-1.8434692638516753e-14,5.201498397965364e-22,137.08276388888888,171.86338055555555,92.75351388888889,monitor
91062,3228.37,"(217, 170)","(0, 0, 552, 325)",1.7,0.0019836604214772046,6.654297112134861e-07,2.5517122534701983e-10,7.026706583370201e-10,2.8989353540906177e-19,5.705599444697449e-13,6.70153992877506e-20,75.05807418044964,139.3884487141395,143.63892327754118,monitor
25943,1959.33,"(455, 273)","(365, 79, 182, 330)",0.55,0.0020808175340521853,5.9603199796869236e-08,4.750871028109537e-10,4.523930357121319e-13,-3.7686662706746895e-24,1.0938254079524797e-16,-5.457454824183041e-24,106.94994722222222,96.92878055555556,136.15183888888888,monitor
106662,2640.87,"(303, 192)","(32, 7, 533, 342)",1.56,0.0013321126657526343,2.5679468098032554e-07,2.820743513532915e-10,4.4965913859199375e-12,1.1785391477999526e-22,1.899722961792129e-15,1.0842561598855036e-22,80.45814647377938,42.290180831826405,149.97610307414104,monitor
278566,2702.13,"(301, 259)","(0, 0, 590, 600)",0.98,0.0038744336707014554,2.3276178075394575e-07,5.148240525306887e-10,6.148530553431238e-09,-6.6606043255380875e-18,2.216188168401107e-12,8.677725387607913e-18,60.208911111111114,113.11326666666666,176.68761388888888,monitor
95282,1301.83,"(303, 235)","(114, 49, 363, 340)",1.07,0.0007193699526294441,5.602980605534048e-08,3.648462086657743e-12,3.947084628655381e-12,3.3055780263780692e-24,8.206644179757505e-16,1.4609240567299915e-23,19.656494444444444,9.816688888888889,182.3326277777778,monitor
358801,2396.0,"(299, 299)","(0, 0, 600, 600)",1.0,0.0014970974144172047,2.0061342162452555e-08,6.805721469822271e-13,4.439883739762473e-12,-5.5735588746708704e-24,-5.977776537042056e-16,-5.338552461856742e-24,36.402,43.017088888888885,87.16275,monitor
219036,5810.35,"(312, 386)","(0, 0, 600, 600)",1.0,0.0010973124484333035,2.2167331627446788e-08,2.439219789469567e-11,8.473847766144006e-11,1.9872342663063023e-21,-1.0016406479372464e-14,3.3004418468747875e-21,78.55895277777778,148.3211472222222,73.52565277777778,monitor
57938,1530.85,"(375, 144)","(180, 50, 377, 217)",1.74,0.0011827201125679478,2.554979951385941e-07,1.1557715217706574e-10,3.355985281009037e-11,-1.194692839938132e-21,-8.480411556075464e-16,-1.7149947287363583e-21,77.12404444444445,128.88054722222222,107.57433611111111,monitor
358801,2396.0,"(299, 299)","(0, 0, 600, 600)",1.0,0.0011493645487998003,5.481519556575787e-10,4.31306612122109e-13,4.93467498580255e-12,7.160141033144821e-24,1.0525044605262838e-16,-7.483725462003054e-25,117.05849722222223,196.99213333333333,77.74524166666667,monitor
18268,994.81,"(192, 58)","(18, 21, 338, 76)",4.45,0.0037637235547108155,7.612461342836671e-07,2.3347807912719002e-08,5.5703916854379894e-09,6.313768855395533e-17,4.801097188321938e-12,7.013393010892975e-18,82.31835144409494,130.8812982556477,150.7069631112382,monitor
62607,2435.46,"(474, 414)","(0, 0, 600, 600)",1.0,0.0033216934903141466,4.201546143856815e-07,1.6101837764974143e-09,2.7716173643946524e-09,5.854925973540602e-18,1.420855497123456e-12,-5.061122343896843e-20,57.022958333333335,82.83456111111111,135.40751111111112,monitor
283654,3345.75,"(287, 286)","(0, 0, 600, 570)",1.05,0.0011920716833699711,9.446672441974415e-10,1.0885526644761194e-11,1.305871884434842e-12,4.45676661212432e-24,-3.741558483868733e-17,-2.092430748156975e-24,55.32804093567251,86.90133333333333,96.28793859649123,monitor
70451,2117.38,"(102, 309)","(0, 0, 477, 528)",0.9,0.0019313951722604585,4.627109585440374e-07,1.5462048306535024e-09,1.4093704002347621e-09,2.3242150447870956e-19,-8.689999592103445e-13,2.067493772777798e-18,136.71624444444444,136.59451944444444,156.1073638888889,monitor
355130,2549.1,"(298, 296)","(0, 0, 600, 600)",1.0,0.0012320816848709242,6.295065207217713e-09,2.1876360274448937e-12,3.106606083334833e-11,2.191772113874772e-22,2.13016355027626e-15,1.3247922885196537e-22,32.91435833333333,11.349763888888889,79.5691361111111,monitor
46258,888.47,"(257, 299)","(133, 199, 260, 200)",1.3,0.0006981024016137524,4.633503805552794e-08,9.338191818420907e-12,3.4400634689638785e-14,-7.650175753053054e-28,4.95858184572987e-18,-1.9482582404767783e-26,98.81937222222223,127.49015,134.6477888888889,monitor
105361,2384.64,"(315, 250)","(0, 0, 456, 527)",0.87,0.0009086104650489321,2.4392320136433237e-07,1.0247288819379695e-10,2.6959292396280116e-11,1.3669216976915104e-21,3.591137085261252e-15,-3.733493943141929e-22,88.10824099722991,18.268905817174517,125.42858187134503,monitor
55501,3554.2,"(229, 337)","(0, 0, 592, 517)",1.15,0.0029429534003800007,2.530377784319926e-06,8.315698409259904e-09,3.0048958852253273e-09,9.508467141182055e-18,1.15333016540803e-12,-1.1628153232908111e-17,56.48124968068257,108.24200109845195,161.66128084606345,monitor
9699,460.49,"(228, 276)","(161, 239, 135, 98)",1.38,0.002294133779998085,4.3246261358432843e-07,4.1591899212375696e-10,1.3221341910126442e-10,1.9102729394087942e-20,2.4996506035297e-15,2.4419941342857432e-20,36.89317777777778,27.591325,180.73366666666666,monitor
130773,1786.65,"(323, 195)","(124, 16, 381, 398)",0.96,0.002696097654662763,2.401660813997035e-07,4.1662569453204034e-09,8.748415292298565e-10,-1.6081208545210403e-18,1.858524165453177e-14,-4.511072940732623e-19,58.204927777777776,84.95435555555555,157.47328611111112,monitor
65766,1040.73,"(220, 130)","(76, 14, 287, 233)",1.23,0.0006814237132524804,1.866096017294167e-09,1.2351155653056404e-11,6.852757253302038e-13,1.9936233689813468e-24,-2.93054566301683e-17,-1.2621796768461372e-26,17.139995532722807,3.225588563770382,171.56840741568016,monitor
32344,2782.88,"(204, 317)","(0, 110, 538, 378)",1.42,0.0042035012373116834,2.824605560817579e-06,2.164056935478905e-08,8.162795525557735e-09,-5.50054198959371e-17,-3.8668848599498286e-12,9.351281713515443e-17,35.13035148394174,17.971204826619537,177.72879212627217,monitor
234742,2124.84,"(332, 267)","(0, 0, 600, 505)",1.19,0.00142895879295697,2.4574093169725864e-07,3.766113970988067e-10,3.864998033455163e-11,4.456003730988668e-22,9.429843384230696e-15,4.641716598967005e-21,61.91776388888889,125.16178055555555,136.65806388888888,monitor
283692,2425.42,"(294, 237)","(0, 0, 600, 524)",1.15,0.0011054794909835372,6.572642928512636e-08,2.769956088415853e-11,2.1725019954009956e-12,-3.6220664267940355e-24,-4.799401295477725e-16,-1.645914901841351e-23,80.15361388888888,104.34773611111112,93.79906666666666,monitor
107111,1764.85,"(339, 299)","(92, 48, 428, 498)",0.86,0.0008048370561744354,1.2919518285408684e-07,1.3490287608600411e-10,3.7944590187701145e-12,-2.8805097783087324e-23,-3.3579261076259095e-16,8.0872261617935e-23,12.6323,4.4865361111111115,169.10021944444443,monitor
138707,2003.85,"(348, 285)","(55, 6, 491, 561)",0.88,0.0008339221149925725,1.4179857415327892e-07,1.783469178638059e-10,7.1681897398714366e-12,-3.930865052151014e-23,-1.6626976722654878e-15,-2.532667508314237e-22,22.671813888888888,5.536625,147.72456944444446,monitor
187042,3303.13,"(242, 409)","(0, 0, 600, 600)",1.0,0.0016444497181238456,7.511475949767072e-08,7.471500828632244e-11,2.44606940968334e-10,1.544039996704638e-20,-1.5038699412818424e-14,2.9241792756450156e-20,78.8209,52.48428055555556,92.59730555555555,monitor
82946,1987.12,"(80, 258)","(0, 0, 204, 600)",0.34,0.0015041713490358552,1.0000653371725252e-07,3.308660879315322e-10,2.990497441117938e-11,3.6446649342270433e-23,6.9619623898861315e-15,-2.9744637519630545e-21,63.234497222222224,167.7001,98.39450277777777,monitor
211439,2064.38,"(299, 204)","(0, 0, 600, 433)",1.39,0.0008285382031979939,1.08862992753439e-08,3.594013369121107e-11,2.2080404255045235e-11,6.218911814718211e-22,2.3029904590240488e-15,-1.2375684568292778e-23,23.231594444444443,7.2634944444444445,63.67373611111111,monitor
358801,2396.0,"(299, 299)","(0, 0, 600, 600)",1.0,0.0015861011032618335,8.097566146954272e-09,1.4913215541843266e-11,1.8340750112841264e-10,4.127038858323576e-21,-3.395312014312059e-15,-8.658805440861659e-21,30.86065,80.92084166666666,82.02168888888889,monitor
30843,2735.44,"(208, 156)","(0, 0, 425, 316)",1.34,0.004527627913959926,1.1762620042496715e-06,4.543431314732487e-10,1.9548607031039064e-10,-4.305858604811525e-20,-1.6196417823467614e-13,3.924425022044261e-20,68.56169528681038,86.77684569479966,200.38445012787724,monitor
9005,891.21,"(301, 452)","(93, 436, 420, 30)",14.0,0.013915106519633996,7.291537343899246e-05,1.4522115837250838e-07,1.4956189585533156e-07,2.2039837407462196e-14,1.2699796262946777e-09,2.915867054203933e-16,62.253427230046945,135.23901408450703,220.62806044600939,monitor
34147,3150.61,"(328, 306)","(40, 0, 455, 540)",0.84,0.004049736450867359,9.108497992030957e-07,1.9887605161671939e-10,3.784644972034221e-09,-3.2367478093699884e-18,3.4994651621303075e-13,-5.517570286000501e-19,65.07410774410775,70.96785260007482,166.64576131687244,monitor
52399,4605.61,"(304, 282)","(0, 7, 600, 584)",1.03,0.005667457809430648,1.9411259062736645e-07,8.043609636397848e-09,3.993809339374529e-09,-2.2596622150880388e-17,-4.673401483033821e-13,-1.3406002460478324e-18,71.87321388888888,89.9936388888889,186.92170277777777,monitor
243979,3499.13,"(320, 333)","(0, 51, 600, 549)",1.09,0.0017466897396788686,1.9333572805177716e-08,1.7012993366842773e-11,3.056548678318004e-10,-1.786679248288537e-20,3.637136494985093e-14,1.2907243535336956e-20,94.08469444444444,88.98774722222223,117.03795833333334,monitor
7316,398.71,"(447, 565)","(380, 517, 133, 83)",1.6,0.0047504620382411876,8.949094822348793e-06,1.0668260091117499e-07,6.459401404142057e-08,2.199416929266543e-15,1.4727663135872927e-10,-4.890268004912493e-15,92.5203,82.99791388888889,197.44129444444445,monitor
190639,1767.66,"(273, 208)","(17, 22, 513, 374)",1.37,0.0006905844791580751,1.4067448091110831e-08,1.3027094042797175e-11,2.9829523705852025e-13,5.880155940934241e-25,-3.537938639479771e-17,-2.6496011335623467e-27,20.60164511577939,4.0368889061468565,87.736079291733,monitor
17802,870.05,"(439, 178)","(278, 77, 276, 162)",1.7,0.0027533521407135217,1.3187078698378755e-06,1.0892133588241636e-08,4.2182390079463416e-10,8.786903874577493e-19,2.0663978832279588e-13,2.1316307104577858e-19,68.51210626907279,88.41917362702343,160.236155841596,monitor
50740,1917.75,"(282, 182)","(30, 81, 535, 170)",3.15,0.0021191642859229713,1.2804946665990765e-06,1.2136835677927822e-10,2.8008038953297813e-10,-2.906333388492154e-20,-3.161394921362e-13,-4.2683676469669064e-20,44.17400277777778,68.86215555555556,151.13516666666666,monitor
16829,1405.56,"(302, 397)","(12, 355, 588, 118)",4.98,0.004601971385741625,8.482156798333289e-06,7.493646992634761e-08,2.549157962642029e-09,-1.858322897971852e-17,-5.439562728896446e-12,2.993297189376501e-17,57.40145277777778,24.96122777777778,164.15936666666667,monitor
13103,1000.21,"(280, 196)","(233, 73, 129, 285)",0.45,0.005031520741197645,1.2128113985012848e-05,4.6186755820876825e-09,1.136667035689253e-08,5.15162939073076e-17,3.714693134369573e-11,6.425729682834473e-17,38.28713888888889,30.791716666666666,189.4434222222222,monitor
230031,4501.13,"(242, 341)","(0, 0, 600, 600)",1.0,0.0016729086874846335,5.616450654953915e-08,1.5835624348107043e-10,2.3809003403175583e-10,-2.7391905313536604e-20,-4.417209175942638e-14,-3.724178873764198e-20,93.77022222222222,108.86658055555556,91.79815555555555,monitor
80232,1177.01,"(310, 214)","(161, 45, 278, 321)",0.87,0.0006733915491014054,2.8145779131723462e-08,1.7029289127393044e-11,2.5157989131185346e-14,1.3023360567400067e-26,4.217872529804909e-18,-1.0077263949962172e-26,4.547586111111111,5.049822222222223,181.34193888888888,monitor
14421,2049.58,"(250, 238)","(126, 56, 371, 355)",1.05,0.006911547479930478,5.2397782108691385e-06,8.793373054447213e-09,2.0476213220982263e-08,2.2159253022088905e-16,1.4233329285440363e-11,1.624480175073532e-16,29.61013888888889,33.73446388888889,233.81116666666668,monitor
358801,2396.0,"(299, 299)","(0, 0, 600, 600)",1.0,0.0011493645487998003,5.481519556575787e-10,4.31306612122109e-13,4.93467498580255e-12,7.160141033144821e-24,1.0525044605262838e-16,-7.483725462003054e-25,117.05849722222223,196.99213333333333,77.74524166666667,monitor
199766,2755.13,"(341, 261)","(15, 7, 556, 558)",1.0,0.003335026415687353,2.1138453472246088e-07,2.153529135847924e-09,2.8072270546594982e-11,6.892553128774151e-21,-1.3992458027843808e-15,-3.660412294444789e-22,56.73245277777778,60.158480555555556,179.00925555555557,monitor
11170,822.95,"(387, 411)","(205, 335, 259, 124)",2.09,0.0033512060217177715,5.530791016324737e-06,8.526379295508027e-09,2.8958888040091062e-09,1.0866239023750672e-17,2.3491211057041703e-12,-9.433534044042427e-18,65.0964506645434,121.1182665217125,201.1522363263306,monitor
138707,2003.85,"(348, 285)","(55, 6, 491, 561)",0.88,0.0008339221149925725,1.4179857415327892e-07,1.783469178638059e-10,7.1681897398714366e-12,-3.930865052151014e-23,-1.6626976722654878e-15,-2.532667508314237e-22,22.671813888888888,5.536625,147.72456944444446,monitor
299887,3313.31,"(309, 276)","(0, 0, 600, 600)",1.0,0.002796564100179047,3.0098482583319315e-08,3.172456858041583e-10,2.2305627109242036e-09,-1.183175321671221e-18,-3.863225057229992e-13,-1.4563232365037718e-18,52.85368611111111,81.69503333333333,127.58228888888888,monitor
20497,1139.2,"(300, 498)","(125, 430, 346, 139)",2.49,0.005676214680731564,1.5713916910277698e-05,3.9183924383985245e-08,5.729249117771636e-08,2.7110765039012806e-15,2.147002716495305e-10,-1.3761108539210556e-16,47.86566895368782,49.400417381360775,196.78625500285878,monitor
176312,2039.32,"(301, 260)","(71, 64, 463, 420)",1.1,0.0048823142905603184,1.7731534689947223e-08,1.6652832894065035e-09,1.2261048697134e-08,-5.418118295621681e-17,1.3921129705167598e-12,1.1572510876753657e-17,23.2296568627451,19.917148212226067,224.39497116493655,monitor
17879,646.71,"(82, 71)","(9, 0, 180, 146)",1.23,0.005136847746312941,1.1495064182567489e-05,1.0252764015058373e-09,2.62638413339339e-08,1.3515851393860383e-16,7.068585112347067e-11,1.7510421148810665e-17,65.89386312763467,100.11532532657645,175.69830737007956,monitor
16483,2461.66,"(263, 105)","(0, 0, 539, 355)",1.52,0.013625343776876226,6.098164676923154e-05,2.643493921420256e-07,1.0675532722305156e-07,-1.730361267834215e-14,-8.150981719882734e-10,-4.712526249781011e-15,11.616206505665884,4.971503881198838,232.92710641819673,monitor
10968,942.97,"(12, 229)","(0, 6, 26, 445)",0.06,0.01151055686137508,6.258217602703937e-05,1.1776710244823409e-06,5.563831971555404e-07,4.454836402095691e-13,2.2551015756132567e-09,6.618745451913021e-14,61.9383,96.85249166666667,173.6300138888889,monitor
112672,1423.39,"(285, 259)","(60, 100, 444, 323)",1.37,0.0006883153061900087,4.419608495187781e-08,5.5628640449275995e-12,5.974791749588156e-14,1.671503862272642e-26,-5.8750910732793635e-18,3.0118180723211365e-26,19.551183333333334,30.593930555555556,157.49455833333334,monitor
50706,2991.16,"(373, 332)","(0, 0, 578, 526)",1.1,0.00442975527774336,3.620673301985948e-06,3.46360597720048e-08,6.949091974387332e-09,-5.946592749130091e-17,-8.870693664035087e-12,8.992582602350605e-17,94.76292800453514,86.93199829931973,149.81802721088437,monitor
89140,4188.57,"(392, 238)","(0, 0, 600, 483)",1.24,0.0023480606345457986,6.294775067457026e-07,1.766572989814654e-09,5.012038495898585e-09,1.4839803781737048e-17,3.8425581284324e-12,-1.483477999310587e-18,79.62600833333333,84.59095833333333,148.6095222222222,monitor
17610,2689.7,"(337, 255)","(48, 46, 500, 352)",1.42,0.01106257078068481,1.9811123464547915e-05,2.1933527428904784e-07,3.740057024709426e-08,3.1881418095480764e-16,2.9901834514868834e-11,-3.372403511756945e-15,68.59700277777777,92.1986111111111,212.98446944444444,monitor
8536,996.69,"(385, 359)","(288, 141, 191, 321)",0.6,0.005896688133754262,1.5797127718699052e-05,2.697253522856004e-07,1.3664506725703826e-07,2.2521818549320772e-14,4.1421077762356844e-10,1.3451773929945767e-14,17.214833333333335,0.2780666666666667,206.21612222222222,monitor
107111,1764.85,"(339, 299)","(92, 48, 428, 498)",0.86,0.0008048370561744354,1.2919518285408684e-07,1.3490287608600411e-10,3.7944590187701145e-12,-2.8805097783087324e-23,-3.3579261076259095e-16,8.0872261617935e-23,12.6323,4.4865361111111115,169.10021944444443,monitor
102642,1822.55,"(210, 309)","(27, 115, 523, 362)",1.44,0.0008880452409690649,2.422774955200253e-07,3.1516123053244414e-10,5.35103756800314e-11,6.921881037206531e-21,2.4584045668437424e-14,6.135181707411375e-22,0.0,0.0,155.73545555555555,monitor
23955,2436.8,"(351, 405)","(59, 80, 504, 425)",1.19,0.0037834786978971514,5.020504105656245e-06,4.9540192838598525e-08,2.0503186293903844e-08,3.8385116152335194e-16,1.6423030524819394e-12,5.288215951155523e-16,23.518394444444443,101.15198055555555,196.2076138888889,monitor
190639,1767.66,"(273, 208)","(17, 22, 513, 374)",1.37,0.0006905844791580751,1.4067448091110831e-08,1.3027094042797175e-11,2.9829523705852025e-13,5.880155940934241e-25,-3.537938639479771e-17,-2.6496011335623467e-27,20.60164511577939,4.0368889061468565,87.736079291733,monitor
26182,2649.1,"(343, 128)","(0, 0, 600, 485)",1.24,0.008992570672394512,2.9128493815407558e-06,1.0399015304968594e-08,5.715527184120444e-09,-8.956366684472566e-18,-9.299262198863826e-12,4.31438231738813e-17,72.37345,128.33586666666667,189.71510833333335,monitor
6510,596.21,"(518, 354)","(470, 279, 85, 179)",0.47,0.008679604663577728,1.0837705253976462e-06,3.0318244286389325e-07,3.0838875613921035e-08,-2.4231265630668074e-15,2.889576391499845e-11,-1.737947567950934e-15,37.365316666666665,21.006319444444443,184.13687777777778,monitor
15288,2039.41,"(245, 297)","(189, 18, 243, 533)",0.46,0.010414835385638681,7.17420140601581e-05,2.6698459866256306e-08,1.3009431693274424e-08,3.5622905725132476e-17,4.49789980535219e-11,-2.3982344773946843e-16,30.796483333333335,26.101283333333335,199.91160277777777,monitor
163329,1687.62,"(300, 234)","(96, 0, 413, 449)",0.92,0.006214374893861197,1.5238933572486718e-06,1.568736065361663e-09,2.4741676608419593e-09,-3.427297524686004e-18,2.360383196921104e-12,-3.4659961935531217e-18,44.59892979452055,41.23100742009132,208.42584189497717,monitor
109238,3154.41,"(284, 285)","(24, 80, 550, 421)",1.31,0.0018444051928054842,7.190050863396049e-07,1.0161798379468275e-09,5.300420506609448e-10,-1.4059661262517033e-20,1.423957565319552e-13,-3.887468893232369e-19,7.123827777777778,8.336919444444444,167.83750555555557,monitor
45679,2386.77,"(340, 290)","(136, 101, 326, 429)",0.76,0.001652548263107398,4.456424610676909e-07,4.453607392603952e-10,1.829853082508169e-10,-4.922975772124303e-20,4.3885724327557555e-14,-1.7468862008750447e-20,34.05104722222222,32.39365277777778,191.29005555555557,monitor
159231,1667.82,"(279, 212)","(37, 24, 492, 365)",1.35,0.0017811124712786138,6.503646401389909e-08,3.36660829019541e-10,3.084434581106272e-10,1.7512397858077048e-20,-6.036396887605333e-14,-9.783894464323911e-20,0.0,0.0,135.6572611111111,monitor
82937,1205.45,"(173, 180)","(33, 19, 286, 365)",0.78,0.0006870102091315526,2.4344982224551185e-08,1.534764635578949e-11,7.149687299382762e-13,1.8642355621198312e-24,9.299539070465119e-17,-1.4607708993427627e-24,0.48043601498570443,0.11200458444247265,123.96625135561472,monitor
144931,1535.21,"(300, 252)","(80, 85, 440, 334)",1.32,0.0006773690312869283,3.380270301010916e-08,1.9016144043707284e-14,7.706465382021862e-16,-2.2892929646961444e-30,-1.3943262250927034e-19,-1.8607852901052554e-30,4.939886111111111,26.16699722222222,125.98428611111112,monitor
164778,1923.45,"(309, 232)","(28, 36, 545, 422)",1.29,0.0007375936684891483,1.0140676423625457e-07,2.8341613510789938e-12,7.47580336024713e-14,1.8168435622997938e-27,1.542882664901193e-17,-3.436314588431562e-26,32.20536944444444,1.6746583333333334,121.44923888888889,monitor
175268,2200.63,"(217, 204)","(0, 0, 436, 497)",0.88,0.0053107937576822705,1.3974973520966142e-06,4.579764854402734e-09,6.165142901718574e-09,-3.2695627503786494e-17,7.287070636202542e-12,-2.043543726675882e-18,0.0,0.0,218.30487013572213,monitor
43687,1955.75,"(234, 354)","(0, 206, 523, 325)",1.61,0.0024665066142240074,2.4437487664552404e-07,1.4463801896865355e-09,2.2634652265171828e-10,-1.205925582755068e-19,-1.1177808692477306e-13,-4.722469909751815e-20,65.35486802688749,121.18572711924246,127.15942687560516,monitor
99866,1282.28,"(298, 205)","(103, 78, 393, 256)",1.54,0.007726985247016536,5.702990958191624e-06,1.071399602882398e-11,2.0464503868545377e-10,1.2828189889243455e-22,8.465878887570986e-14,9.581613563325072e-21,18.51893611111111,141.90113888888888,237.55364722222222,monitor
93359,1888.52,"(166, 161)","(0, 0, 332, 349)",0.95,0.0008231721789461619,2.598296510519461e-08,2.739507958888816e-11,1.1632270460713222e-11,2.0002077773999476e-22,1.554739560380106e-15,5.577119678084574e-23,60.689411063068434,90.84449083047562,120.84153869091993,monitor
58113,2493.4,"(220, 309)","(31, 38, 464, 448)",1.04,0.0022608324874443613,1.8673236089532652e-07,4.3944671621324396e-09,1.5681753333145797e-09,-3.718612169048694e-18,-6.776470377042897e-13,-1.7660170408699235e-18,60.67932777777778,15.695636111111112,165.31511944444443,monitor
6187,361.88,"(374, 349)","(327, 294, 88, 109)",0.81,0.0041988944004721085,4.5279444785142196e-07,1.0018231237569213e-08,3.927592027275897e-08,3.355627566242259e-16,2.6406734852776538e-11,-7.031157358786621e-16,19.409047222222224,14.491680555555556,200.8833,monitor
237160,3523.6,"(301, 245)","(50, 0, 501, 600)",0.83,0.004299628662973968,8.223684938849643e-07,9.946859448783183e-10,4.438373302435392e-09,-9.302004284708493e-18,4.0188291220376195e-12,6.635598873588893e-19,56.164766666666665,19.016069444444444,179.0008861111111,monitor
183033,1734.53,"(251, 186)","(0, 0, 507, 369)",1.37,0.0018163181733587446,3.072652353504651e-07,7.253082721582495e-13,4.840886620036144e-11,2.4339228114457744e-22,1.6570590268662355e-14,-1.5179190073258712e-22,75.90844773955142,123.08415386174583,140.31051835566885,monitor
147311,1699.92,"(287, 262)","(64, 54, 468, 379)",1.23,0.0006798201864554473,2.149829637956377e-08,4.7672898075113494e-11,5.187847958385903e-13,7.580246236326436e-25,4.38036369858525e-17,-2.4661112252277674e-24,127.19589166666667,13.516911111111112,138.6711,monitor
164893,1627.07,"(219, 187)","(0, 0, 441, 376)",1.17,0.0006615273613254755,1.094050312209447e-08,1.7320810741917668e-15,1.713339776860739e-16,-8.692526034938437e-32,-1.7628542458135704e-20,3.3994335061459925e-32,17.303161065421193,1.4185365688563982,79.04211087420043,monitor
46677,2618.22,"(439, 387)","(257, 15, 331, 577)",0.57,0.0033688271780004646,1.5909356405301907e-06,1.9768321113140624e-08,1.3088323865015447e-08,-1.0024322610491415e-16,6.672413928802671e-12,1.8513118177730103e-16,103.54511944444444,83.58898055555555,150.61229722222222,monitor
18268,994.81,"(192, 58)","(18, 21, 338, 76)",4.45,0.0037637235547108155,7.612461342836671e-07,2.3347807912719002e-08,5.5703916854379894e-09,6.313768855395533e-17,4.801097188321938e-12,7.013393010892975e-18,82.31835144409494,130.8812982556477,150.7069631112382,monitor
47527,2324.88,"(71, 324)","(0, 0, 323, 600)",0.54,0.0046399581714215675,2.3707672090108687e-07,5.04028488729011e-09,8.303337245258858e-09,2.231884088658915e-17,1.6250166791313572e-12,4.886017234400353e-17,67.59316666666666,144.9069638888889,188.91868333333332,monitor
55797,2343.96,"(153, 362)","(0, 0, 360, 600)",0.6,0.00216357978935525,8.965171240442592e-09,1.5811080631809774e-09,3.1455574721800837e-10,2.2183226938573944e-19,2.9743268881382835e-14,-7.513992848429639e-22,44.119058333333335,68.70586944444445,119.39329166666667,monitor
289119,2599.59,"(299, 245)","(0, 0, 600, 561)",1.07,0.0038228813909724343,3.094522849161081e-08,1.882628473114922e-09,4.884407533691051e-10,-2.978361886932955e-19,-5.256194107677332e-14,3.6149032551155495e-19,3.590167824074074,0.5026851851851852,197.51752314814814,monitor
204291,1808.83,"(299, 236)","(84, 0, 432, 475)",0.91,0.0007475233783902772,5.960446895447374e-10,1.466765549836281e-12,4.448641818139512e-12,-1.1359484039333088e-23,1.0855821573223796e-16,-3.11193055713798e-25,88.966925,27.387988888888888,128.01140833333332,monitor
29416,2454.19,"(352, 291)","(95, 112, 404, 345)",1.17,0.004411526904414051,1.4021964737276978e-06,1.0305253310362414e-08,5.072143394234558e-09,3.6669786728437706e-17,4.061963358877832e-12,-2.2583729922009016e-19,39.983872222222224,26.720647222222222,181.06768888888888,monitor
265334,2275.38,"(307, 288)","(0, 6, 600, 588)",1.02,0.001910756007018856,1.3073152292190965e-07,2.2481304779019753e-10,1.698803600197239e-11,1.0174898732979398e-21,5.420373388804359e-15,2.5863210276308326e-22,51.58670277777778,64.95563333333334,169.4606611111111,monitor
201212,1814.77,"(297, 238)","(86, 0, 423, 480)",0.88,0.002363525995919798,4.63857165220686e-07,3.7436515881747937e-10,2.293272787513752e-09,1.1563527757228307e-18,1.3488979055222542e-12,1.782666088868019e-18,26.842466666666667,43.21820833333334,149.52970555555555,monitor
42812,1185.63,"(151, 256)","(27, 146, 236, 254)",0.93,0.002453638460610047,1.8605776712131223e-07,6.930709983747836e-10,6.703393279645561e-10,-4.376089155463264e-19,2.7140802298507524e-13,1.313979636878778e-19,113.92548333333333,29.066144444444443,147.55646666666667,monitor
9005,891.21,"(301, 452)","(93, 436, 420, 30)",14.0,0.013915106519633996,7.291537343899246e-05,1.4522115837250838e-07,1.4956189585533156e-07,2.2039837407462196e-14,1.2699796262946777e-09,2.915867054203933e-16,62.253427230046945,135.23901408450703,220.62806044600939,monitor
38839,1255.28,"(264, 491)","(48, 395, 462, 197)",2.35,0.002335299571610354,3.6604056300843385e-07,2.2487054457887231e-10,9.325457834285988e-10,-1.4398011052670712e-19,3.778345737061111e-13,4.020390361140075e-19,90.84051111111111,63.72996388888889,145.68568888888888,monitor
16541,1582.81,"(241, 469)","(101, 141, 303, 435)",0.7,0.008196848059373086,2.9968831159444853e-05,1.3628415895714521e-07,5.132752452456557e-08,4.257874936784874e-15,2.794429268475172e-10,5.470561490181718e-16,12.436544444444445,40.533341666666665,212.15389166666668,monitor
52399,4605.61,"(304, 282)","(0, 7, 600, 584)",1.03,0.005667457809430648,1.9411259062736645e-07,8.043609636397848e-09,3.993809339374529e-09,-2.2596622150880388e-17,-4.673401483033821e-13,-1.3406002460478324e-18,71.87321388888888,89.9936388888889,186.92170277777777,monitor
128848,3363.54,"(222, 331)","(10, 0, 484, 578)",0.84,0.0009710276531048968,8.761413122859395e-08,1.78871409268119e-10,3.661833413801761e-12,9.159793865167203e-23,-5.523111716336945e-16,1.9816461875678507e-23,91.468775,20.746144444444443,131.6028611111111,monitor
94252,1332.98,"(180, 198)","(7, 0, 370, 360)",1.03,0.0007021422902438076,6.061004072333895e-08,1.1200014000579223e-11,1.7796035270437705e-13,1.5663911679163718e-25,-4.312134406714039e-18,-1.9643647824480617e-25,9.4516691715626,0.27124834904586237,142.49523614337113,monitor
